<?xml version='1.0' encoding='UTF-8' ?>
<timeLogEntries>
  <time id="1" path="/Proyecto/PSP0/Code" start="@1599420481000" delta="135" />
  <time id="2" path="/Proyecto/PSP0/Planning" start="@1599501919487" delta="54" />
  <time id="3" path="/Proyecto/PSP0/Code" start="@1599762411395" delta="22" />
  <time id="4" path="/Proyecto/PSP0/Code" start="@1599775005257" delta="28" />
  <time id="5" path="/Proyecto/PSP0/Planning" start="@1599788319061" delta="54" />
  <time id="6" path="/Proyecto/PSP0/Planning" start="@1599845854117" delta="21" />
  <time id="7" path="/Proyecto/PSP0/Planning" start="@1600464047439" delta="21" />
  <time id="8" path="/Proyecto/PSP0/Planning" start="@1600481967660" delta="16" />
  <time id="9" path="/Proyecto/PSP0/Planning" start="@1600750686985" delta="19" />
  <time id="10" path="/Proyecto/PSP0/Code" start="@1600751902055" delta="60" />
  <time id="11" path="/Proyecto/PSP0/Code" start="@1600751958180" delta="4" />
  <time id="12" path="/Proyecto/PSP0/Planning" start="@1600752196000" delta="3" />
  <time id="13" path="/Proyecto/PSP0/Planning" start="@1600756955783" delta="65" />
  <time id="14" path="/Proyecto/PSP0/Code" start="@1600797913647" delta="90" />
  <time id="15" path="/Proyecto/PSP0/Code" start="@1600905062884" delta="30" />
  <time id="16" path="/Proyecto/PSP0/Code" start="@1600905249727" delta="11" />
  <time id="17" path="/Proyecto/PSP0/Code" start="@1600908940939" delta="81" />
  <time id="18" path="/Proyecto/PSP0/Code" start="@1600921116386" delta="29" />
  <time id="19" path="/Proyecto/PSP0/Design" start="@1601078162170" delta="112" interrupt="5" />
  <time id="20" path="/Proyecto/PSP0/Design" start="@1601088439598" delta="120" />
  <time id="21" path="/Proyecto/PSP0/Code" start="@1601177778574" delta="90" />
  <time id="22" path="/Proyecto/PSP0/Code" start="@1601326016972" delta="80" />
  <time id="23" path="/Proyecto/PSP0/Code" start="@1601337835007" delta="150" />
  <time id="24" path="/Proyecto/PSP0/Compile" start="@1601350105459" delta="120" />
  <time id="25" path="/Proyecto/PSP0/Test" start="@1601350118000" delta="180" />
  <time id="26" path="/Proyecto/PSP0/Design" start="@1601351964328" delta="8" />
  <time id="27" path="/Proyecto/PSP0/Design" start="@1601353250838" delta="64" />
  <time id="28" path="/Proyecto/PSP0/Code" start="@1601362936541" delta="15" />
  <time id="29" path="/Proyecto/PSP0/Test" start="@1601363843823" delta="60" />
  <time id="30" path="/Proyecto/PSP0/Compile" start="@1601363850433" delta="30" />
  <time id="31" path="/Proyecto/PSP0/Planning" start="@1601363873499" delta="120" />
  <time id="32" path="/Proyecto/PSP0/Planning" start="@1601394102873" delta="194" />
  <time id="33" path="/Proyecto/PSP0/Planning" start="@1601417012924" delta="25" />
  <time id="34" path="/Proyecto/PSP0/Planning" start="@1601420621994" delta="12" interrupt="4" />
  <time id="35" path="/Proyecto/PSP0/Planning" start="@1601424395144" delta="15" />
  <time id="36" path="/Proyecto/PSP0/Planning" start="@1601426227409" delta="92" />
  <time id="37" path="/Proyecto/PSP0/Code" start="@1601441751494" delta="65" />
  <time id="38" path="/Proyecto/PSP0/Planning" start="@1601490915967" delta="120" />
  <time id="39" path="/Proyecto/PSP0/Planning" start="@1601491977677" delta="23" interrupt="5" />
  <time id="40" path="/Proyecto/PSP0/Design" start="@1601493669580" delta="55" />
  <time id="41" path="/Proyecto/PSP0/Design" start="@1601499078017" delta="16" />
  <time id="42" path="/Proyecto/PSP0/Design" start="@1601501008884" delta="2" />
</timeLogEntries>
