<?xml version='1.0' encoding='UTF-8' ?>
<timeLogEntries>
  <time id="1" path="/Non Project/PSP for Engineers/Program 1/Postmortem" start="@1584231539674" delta="11" />
  <time id="2" path="/Non Project/PSP for Engineers/Program 1/Planning" start="@1584232397136" delta="65" />
  <time id="3" path="/Non Project/PSP for Engineers/Program 1/Design" start="@1584236324816" delta="149" />
  <time id="4" path="/Non Project/PSP for Engineers/Program 1/Code" start="@1584245243584" delta="21" />
  <time id="5" path="/Non Project/PSP for Engineers/Program 1/Code" start="@1584246506991" delta="579" />
  <time id="6" path="/Non Project/PSP for Engineers/Program 1/Code" start="@1584292281313" delta="169" />
  <time id="7" path="/Non Project/PSP for Engineers/Program 1/Code" start="@1584805586664" delta="116" />
  <time id="8" path="/Non Project/PSP for Engineers/Program 1/Code" start="@1584816819676" delta="281" />
  <time id="9" path="/Non Project/PSP for Engineers/Program 1/Code" start="@1584833683775" delta="49" />
  <time id="10" path="/Non Project/PSP for Engineers/Program 1/Code" start="@1584841544429" delta="133" />
  <time id="11" path="/Non Project/PSP for Engineers/Program 1/Code" start="@1584884845012" delta="90" />
  <time id="12" path="/Non Project/PSP for Engineers/Program 1/Code" start="@1584895167342" delta="301" />
  <time id="13" path="/Non Project/PSP for Engineers/Program 1/Code" start="@1584918480727" delta="324" />
  <time id="14" path="/Non Project/PSP for Engineers/Program 1/Code" start="@1584979371441" delta="134" />
  <time id="15" path="/Non Project/PSP for Engineers/Program 1/Code" start="@1585006700589" delta="1228" interrupt="180" />
  <time id="16" path="/Non Project/PSP for Engineers/Program 1/Compile" start="@1585091211755" delta="21" />
  <time id="17" path="/Non Project/PSP for Engineers/Program 1/Test" start="@1585092483890" delta="91" />
  <time id="18" path="/Non Project/PSP for Engineers/Program 1/Planning" start="@1589663960247" delta="1" />
  <time id="19" path="/Non Project/PSP for Engineers/Program 2/Planning" start="@1599420036379" delta="2" />
  <time id="20" path="/Project/new" start="@1599420393628" delta="1" />
  <time id="21" path="/Project/PSP0/Planning" start="@1599420468828" delta="76" />
  <time id="22" path="/Project/PSP0/Planning" start="@1599846783216" delta="7" />
  <time id="23" path="/Project/PSP0/Planning" start="@1599847837934" delta="178" />
  <time id="24" path="/Project/PSP0/Planning" start="@1599866148785" delta="57" />
  <time id="25" path="/Project/PSP0/Design" start="@1601429267308" delta="33" />
  <time id="26" path="/Project/PSP0/Code" start="@1601431263228" delta="1028" interrupt="48" />
  <time id="27" path="/Project/PSP0/Design" start="@1601495864743" delta="117" />
  <time id="28" path="/Project/PSP0/Compile" start="@1601502901245" delta="100" />
  <time id="29" path="/Project/PSP0/Test" start="@1601508915353" delta="308" />
  <time id="30" path="/Project/PSP0/Postmortem" start="@1601527429540" delta="12" />
</timeLogEntries>
